Metric,Mean_stability_k_2,Mean_stability_k_3,Mean_stability_k_4,Mean_stability_k_5,Mean_stability_k_6,Mean_stability_k_7,Mean_stability_k_8,Mean_stability_k_9,Mean_stability_k_10,Mean_stability_k_11,Mean_stability_k_12,Mean_stability_k_13,Mean_stability_k_14,Mean_stability_k_15
Journal.Impact.Factor,0.867150004457925,0.896020915050832,0.762658483047587,0.879269165468202,0.757458511617222,0.840455904398565,0.754619591568758,0.714611200001388,0.659252832690634,0.712975324121574,0.710703229619251,0.689868860473231,0.701052186900401,0.746010422094246
