Metric,Mean_stability_k_2,Mean_stability_k_3,Mean_stability_k_4,Mean_stability_k_5,Mean_stability_k_6,Mean_stability_k_7,Mean_stability_k_8,Mean_stability_k_9,Mean_stability_k_10,Mean_stability_k_11,Mean_stability_k_12,Mean_stability_k_13,Mean_stability_k_14,Mean_stability_k_15
Journal.Impact.Factor,0.89752870702717,0.807197372088071,0.830255806272832,0.850062338486604,0.706541740310971,0.723295389365076,0.752752784420815,0.785706322979105,0.733362958012172,0.713426496026412,0.726108641952876,0.741442990670783,0.718564651268433,0.72698309544486
