Metric,Mean_stability_k_2,Mean_stability_k_3,Mean_stability_k_4,Mean_stability_k_5,Mean_stability_k_6,Mean_stability_k_7,Mean_stability_k_8,Mean_stability_k_9,Mean_stability_k_10,Mean_stability_k_11,Mean_stability_k_12,Mean_stability_k_13,Mean_stability_k_14,Mean_stability_k_15
Journal.Impact.Factor,0.93818412056292,0.737221485288808,0.751704358062482,0.815348096416827,0.790798089437795,0.73104365872223,0.692468776015651,0.724203231953232,0.752102075702076,0.707184245047881,0.672142015392015,0.672920995670996,0.654070011337868,0.617480423280423
