Metric,Mean_stability_k_2,Mean_stability_k_3,Mean_stability_k_4,Mean_stability_k_5,Mean_stability_k_6,Mean_stability_k_7,Mean_stability_k_8,Mean_stability_k_9,Mean_stability_k_10,Mean_stability_k_11,Mean_stability_k_12,Mean_stability_k_13,Mean_stability_k_14,Mean_stability_k_15
Journal.Impact.Factor,0.900989699466061,0.825973144904395,0.807554390769152,0.736879588734952,0.676409123175798,0.708874814377966,0.739651620030296,0.724705291621958,0.699043445443445,0.743825528007346,0.693248677248677,0.692095090806629,0.641795634920635,0.67202380952381
