Metric,Mean_stability_k_2,Mean_stability_k_3,Mean_stability_k_4,Mean_stability_k_5,Mean_stability_k_6,Mean_stability_k_7,Mean_stability_k_8,Mean_stability_k_9,Mean_stability_k_10,Mean_stability_k_11,Mean_stability_k_12,Mean_stability_k_13,Mean_stability_k_14,Mean_stability_k_15
Journal.Impact.Factor,0.803014001897778,0.773291505493771,0.771212644151831,0.707198420748498,0.724807832690186,0.702794653292552,0.672863040656239,0.673777134902135,0.716642812742813,0.715631903450085,0.676700727513228,0.633937562437562,0.616649659863946,0.612171645021645
