Metric,Mean_stability_k_2,Mean_stability_k_3,Mean_stability_k_4,Mean_stability_k_5,Mean_stability_k_6,Mean_stability_k_7,Mean_stability_k_8,Mean_stability_k_9,Mean_stability_k_10,Mean_stability_k_11,Mean_stability_k_12,Mean_stability_k_13,Mean_stability_k_14,Mean_stability_k_15
Journal.Impact.Factor,0.912931379607316,0.845141539672847,0.802786095036914,0.876460946036853,0.850753620726498,0.85745245773895,0.757836249714154,0.766715404652214,0.706772107099301,0.702430929278041,0.702289366557518,0.722758063330709,0.736064775383455,0.723412696823425
