Metric,Mean_stability_k_2,Mean_stability_k_3,Mean_stability_k_4,Mean_stability_k_5,Mean_stability_k_6,Mean_stability_k_7,Mean_stability_k_8,Mean_stability_k_9,Mean_stability_k_10,Mean_stability_k_11,Mean_stability_k_12,Mean_stability_k_13,Mean_stability_k_14,Mean_stability_k_15
Journal.Impact.Factor,0.92471926285348,0.878301312223385,0.872933923789385,0.769867142048634,0.847929200072058,0.867558481219748,0.779016544219669,0.699007973507974,0.660853674103674,0.653283268499178,0.65552192020942,0.631320174546419,0.599062674487044,0.609641484332661
