Metric,Mean_stability_k_2,Mean_stability_k_3,Mean_stability_k_4,Mean_stability_k_5,Mean_stability_k_6,Mean_stability_k_7,Mean_stability_k_8,Mean_stability_k_9,Mean_stability_k_10,Mean_stability_k_11,Mean_stability_k_12,Mean_stability_k_13,Mean_stability_k_14,Mean_stability_k_15
Journal.Impact.Factor,0.927900792682131,0.878313916730722,0.892111310037007,0.841838712772604,0.716315216856836,0.784761992442665,0.76992615401347,0.726903658614443,0.713020981795982,0.68729279306552,0.667221958596959,0.662439122842969,0.667293444650587,0.643583675583676
