Metric,Mean_stability_k_2,Mean_stability_k_3,Mean_stability_k_4,Mean_stability_k_5,Mean_stability_k_6,Mean_stability_k_7,Mean_stability_k_8,Mean_stability_k_9,Mean_stability_k_10,Mean_stability_k_11,Mean_stability_k_12,Mean_stability_k_13,Mean_stability_k_14,Mean_stability_k_15
Journal.Impact.Factor,0.906030506947227,0.902101084460337,0.891986881102139,0.868265549460257,0.87201733240841,0.74429785697864,0.706696956273001,0.716546017979842,0.685655318292818,0.674435271798908,0.65835538998039,0.624977611440847,0.681878220985364,0.642179581529582
